AST,REB,TOV,FTA,STL,Total_Wins
21.975609756097562,39.292682926829265,13.634146341463415,21.073170731707318,6.060975609756097,44
22.439393939393938,41.18181818181818,13.954545454545455,20.984848484848484,8.121212121212121,40
24.475609756097562,40.86585365853659,14.865853658536585,19.74390243902439,8.097560975609756,44
24.890243902439025,39.97560975609756,15.25609756097561,21.73170731707317,8.292682926829269,38
25.74390243902439,40.5609756097561,14.231707317073171,21.158536585365855,9.073170731707316,60
25.609756097560975,42.08536585365854,14.951219512195122,19.975609756097562,9.109756097560975,48
23.634146341463413,44.329268292682926,15.78048780487805,24.865853658536587,8.195121951219512,43
23.73170731707317,41.90243902439025,15.536585365853659,20.170731707317074,7.780487804878049,24
25.829268292682926,46.09756097560975,17.036585365853657,23.390243902439025,8.231707317073171,29
23.955223880597014,43.25373134328358,16.208955223880597,23.37313432835821,7.8059701492537314,20
24.125,45.625,13.23611111111111,24.23611111111111,6.986111111111111,41
24.597560975609756,43.97560975609756,11.853658536585366,22.304878048780488,7.158536585365853,43
24.98780487804878,44.3780487804878,12.926829268292684,22.5609756097561,7.073170731707317,41
26.585365853658537,44.670731707317074,13.536585365853659,23.24390243902439,7.5,36
23.426829268292682,38.792682926829265,14.573170731707316,23.109756097560975,8.24390243902439,56
23.59090909090909,38.78787878787879,14.833333333333334,19.818181818181817,7.545454545454546,39
22.753086419753085,39.34567901234568,14.580246913580247,20.962962962962962,8.234567901234568,41
21.048780487804876,42.5,15.378048780487806,20.804878048780488,7.121951219512195,25
24.5,43.84146341463415,13.817073170731707,20.463414634146343,8.21951219512195,40
24.158536585365855,44.91463414634146,13.74390243902439,23.524390243902438,9.170731707317072,48
25.23170731707317,41.96341463414634,13.268292682926829,23.20731707317073,7.524390243902439,53
22.463414634146343,44.451219512195124,14.0,20.695121951219512,7.365853658536586,55
26.28048780487805,44.548780487804876,12.829268292682928,19.48780487804878,8.609756097560975,49
22.98611111111111,46.06944444444444,13.819444444444445,23.166666666666668,8.26388888888889,48
23.458333333333332,44.25,14.055555555555555,20.77777777777778,7.722222222222222,36
24.829268292682926,46.073170731707314,13.634146341463415,20.890243902439025,7.2073170731707314,51
26.658536585365855,45.329268292682926,13.353658536585366,21.573170731707318,6.353658536585366,57
26.914634146341463,46.329268292682926,11.939024390243903,20.170731707317074,6.7926829268292686,64
20.341463414634145,42.76829268292683,14.707317073170731,23.878048780487806,7.304878048780488,49
20.902439024390244,38.146341463414636,14.524390243902438,24.414634146341463,8.597560975609756,44
20.926829268292682,42.353658536585364,13.817073170731707,22.158536585365855,7.024390243902439,38
22.304878048780488,42.40243902439025,14.78048780487805,20.71951219512195,7.646341463414634,21
21.414634146341463,43.90243902439025,16.536585365853657,24.634146341463413,7.2317073170731705,20
23.670731707317074,44.4390243902439,15.182926829268293,22.5609756097561,6.2439024390243905,28
23.829268292682926,46.573170731707314,15.073170731707316,25.463414634146343,6.573170731707317,42
24.458333333333332,47.90277777777778,15.26388888888889,24.055555555555557,6.444444444444445,35
26.791666666666668,44.43055555555556,13.541666666666666,22.541666666666668,6.722222222222222,48
25.25609756097561,44.390243902439025,14.060975609756097,21.71951219512195,7.097560975609756,44
25.524390243902438,40.51219512195122,13.74390243902439,22.085365853658537,7.134146341463414,45
25.634146341463413,44.0609756097561,13.121951219512194,20.865853658536587,6.780487804878049,32
21.073170731707318,40.146341463414636,14.536585365853659,24.378048780487806,6.390243902439025,34
20.09090909090909,38.95454545454545,14.5,22.151515151515152,6.015151515151516,7
19.353658536585368,40.31707317073171,14.060975609756097,25.121951219512194,7.2073170731707314,21
21.682926829268293,42.68292682926829,12.317073170731707,24.390243902439025,6.085365853658536,43
20.170731707317074,44.0609756097561,11.902439024390244,22.76829268292683,6.085365853658536,33
21.682926829268293,43.9390243902439,12.548780487804878,23.670731707317074,7.2560975609756095,48
23.0609756097561,43.58536585365854,11.487804878048781,23.817073170731707,6.963414634146342,36
21.585365853658537,45.46341463414634,12.695121951219512,27.024390243902438,6.817073170731708,36
23.23170731707317,43.80487804878049,12.207317073170731,23.109756097560975,7.2073170731707314,39
23.83076923076923,42.784615384615385,14.6,21.630769230769232,6.584615384615384,23
26.84722222222222,43.763888888888886,14.847222222222221,20.90277777777778,7.847222222222222,33
28.073170731707318,44.573170731707314,13.25609756097561,21.378048780487806,8.621951219512194,43
25.146341463414632,44.53658536585366,14.195121951219512,23.5609756097561,7.7317073170731705,27
24.79268292682927,40.28048780487805,13.768292682926829,18.4390243902439,6.853658536585366,21
22.28048780487805,44.15853658536585,14.158536585365853,24.48780487804878,7.219512195121951,62
23.136363636363637,46.666666666666664,13.984848484848484,21.12121212121212,6.909090909090909,50
23.0,43.170731707317074,14.28048780487805,21.195121951219512,7.170731707317073,45
22.682926829268293,44.146341463414636,14.914634146341463,23.26829268292683,7.2439024390243905,48
21.71951219512195,45.74390243902439,13.963414634146341,25.20731707317073,6.2682926829268295,50
22.804878048780488,46.292682926829265,13.914634146341463,20.975609756097562,6.036585365853658,42
22.573170731707318,46.292682926829265,13.560975609756097,22.536585365853657,7.841463414634147,41
23.451219512195124,44.65853658536585,13.987804878048781,19.195121951219512,7.634146341463414,27
21.902439024390244,42.890243902439025,14.134146341463415,20.670731707317074,7.353658536585366,22
23.23076923076923,41.86153846153846,15.461538461538462,20.49230769230769,10.03076923076923,22
26.76388888888889,44.958333333333336,15.125,17.47222222222222,6.694444444444445,31
23.878048780487806,42.329268292682926,12.841463414634147,21.536585365853657,7.134146341463414,46
24.463414634146343,42.353658536585364,13.378048780487806,21.804878048780488,7.853658536585366,40
24.975609756097562,43.81707317073171,12.24390243902439,21.109756097560975,7.780487804878049,39
20.975609756097562,40.30487804878049,14.21951219512195,25.304878048780488,6.634146341463414,19
19.818181818181817,42.27272727272727,15.409090909090908,24.924242424242426,7.0606060606060606,21
20.658536585365855,41.01219512195122,14.012195121951219,22.26829268292683,7.890243902439025,24
21.195121951219512,44.1219512195122,14.182926829268293,22.695121951219512,7.060975609756097,33
22.121951219512194,42.96341463414634,14.28048780487805,23.585365853658537,7.353658536585366,53
22.695121951219512,44.51219512195122,13.585365853658537,21.74390243902439,6.719512195121951,57
22.658536585365855,43.74390243902439,13.670731707317072,23.329268292682926,6.573170731707317,51
23.365853658536587,42.13414634146341,13.731707317073171,23.28048780487805,7.097560975609756,50
20.70731707317073,42.65853658536585,13.487804878048781,20.658536585365855,6.512195121951219,19
23.076923076923077,44.246153846153845,16.50769230769231,19.93846153846154,6.876923076923077,19
23.833333333333332,42.75,15.472222222222221,22.416666666666668,7.763888888888889,22
25.170731707317074,44.18292682926829,14.402439024390244,22.073170731707318,7.073170731707317,44
24.9390243902439,41.08536585365854,13.341463414634147,22.48780487804878,7.146341463414634,51
28.036585365853657,43.292682926829265,13.560975609756097,20.378048780487806,7.378048780487805,48
23.829268292682926,41.4390243902439,13.963414634146341,22.5609756097561,6.7926829268292686,57
20.90909090909091,42.75757575757576,14.030303030303031,20.21212121212121,8.56060606060606,36
23.24390243902439,41.91463414634146,13.951219512195122,20.353658536585368,7.902439024390244,41
23.597560975609756,40.90243902439025,13.536585365853659,21.134146341463413,8.585365853658537,49
22.51219512195122,42.26829268292683,12.951219512195122,22.475609756097562,8.085365853658537,50
22.109756097560975,43.073170731707314,12.768292682926829,22.329268292682926,6.829268292682927,42
20.79268292682927,38.573170731707314,11.853658536585366,18.48780487804878,7.487804878048781,33
22.658536585365855,41.25609756097561,12.28048780487805,18.658536585365855,7.048780487804878,24
23.390243902439025,45.31707317073171,14.231707317073171,25.317073170731707,6.5,33
24.653333333333332,46.93333333333333,12.706666666666667,23.826666666666668,6.133333333333334,43
22.875,43.333333333333336,12.069444444444445,21.166666666666668,6.25,42
23.390243902439025,43.02439024390244,12.5,21.20731707317073,6.7317073170731705,52
22.926829268292682,38.792682926829265,12.21951219512195,25.085365853658537,6.2682926829268295,38
25.682926829268293,42.9390243902439,12.524390243902438,22.463414634146343,6.865853658536586,50
22.109756097560975,41.98780487804878,14.109756097560975,29.621951219512194,7.378048780487805,50
23.954545454545453,43.07575757575758,15.378787878787879,26.666666666666668,8.181818181818182,38
24.414634146341463,45.03658536585366,15.28048780487805,26.195121951219512,9.292682926829269,57
22.414634146341463,45.4390243902439,15.914634146341463,26.26829268292683,7.5,36
21.804878048780488,44.69512195121951,14.21951219512195,24.28048780487805,7.817073170731708,30
22.658536585365855,44.6219512195122,14.658536585365853,24.073170731707318,7.426829268292683,33
25.329268292682926,46.3780487804878,14.951219512195122,24.21951219512195,6.926829268292683,40
25.109756097560975,44.51219512195122,14.951219512195122,22.317073170731707,7.646341463414634,46
27.378048780487806,46.390243902439025,13.439024390243903,20.902439024390244,7.7317073170731705,54
26.73972602739726,44.136986301369866,13.767123287671232,20.904109589041095,8.027397260273972,46
26.84722222222222,44.44444444444444,13.5,19.52777777777778,8.083333333333334,47
27.79268292682927,44.109756097560975,14.5,21.036585365853657,7.219512195121951,48
28.878048780487806,43.01219512195122,14.536585365853659,22.365853658536587,7.536585365853658,53
29.451219512195124,44.426829268292686,12.634146341463415,19.853658536585368,7.134146341463414,57
21.097560975609756,38.6219512195122,13.012195121951219,22.609756097560975,7.2560975609756095,30
18.666666666666668,40.25757575757576,15.651515151515152,22.136363636363637,6.96969696969697,25
21.24390243902439,42.1219512195122,15.134146341463415,22.804878048780488,7.0,29
20.902439024390244,45.3780487804878,14.548780487804878,25.74390243902439,8.378048780487806,29
21.597560975609756,44.890243902439025,13.402439024390244,22.414634146341463,7.597560975609756,32
19.4390243902439,46.31707317073171,13.536585365853659,25.548780487804876,6.987804878048781,44
21.121951219512194,45.68292682926829,11.865853658536585,19.341463414634145,7.0,37
22.78048780487805,43.73170731707317,13.439024390243903,19.76829268292683,7.658536585365853,39
22.5,44.97560975609756,13.841463414634147,23.085365853658537,6.939024390243903,41
24.075757575757574,41.71212121212121,15.272727272727273,22.363636363636363,7.424242424242424,20
24.208333333333332,42.708333333333336,14.930555555555555,23.375,7.375,20
23.463414634146343,42.98780487804878,14.182926829268293,22.024390243902438,7.682926829268292,23
22.975609756097562,42.4390243902439,15.085365853658537,25.682926829268293,7.0,17
25.463414634146343,43.329268292682926,15.21951219512195,21.70731707317073,6.475609756097561,14
22.524390243902438,40.548780487804876,14.609756097560975,20.670731707317074,8.987804878048781,36
22.272727272727273,39.196969696969695,13.863636363636363,18.71212121212121,8.0,23
22.5,44.951219512195124,15.073170731707316,21.26829268292683,6.914634146341464,47
23.317073170731707,45.30487804878049,15.207317073170731,21.109756097560975,7.829268292682927,51
27.414634146341463,44.71951219512195,14.451219512195122,20.841463414634145,9.292682926829269,67
28.9390243902439,46.19512195121951,15.182926829268293,21.829268292682926,8.402439024390244,73
30.378048780487806,44.426829268292686,14.768292682926829,22.5609756097561,9.573170731707316,67
29.29268292682927,43.51219512195122,15.426829268292684,20.341463414634145,8.0,58
29.426829268292682,46.18292682926829,14.25609756097561,20.390243902439025,7.621951219512195,57
25.584615384615386,42.84615384615385,14.907692307692308,23.246153846153845,8.215384615384615,15
27.65277777777778,43.02777777777778,15.0,21.11111111111111,8.152777777777779,39
27.109756097560975,45.48780487804878,14.890243902439025,20.304878048780488,8.768292682926829,53
29.829268292682926,44.59756097560975,16.29268292682927,20.182926829268293,7.170731707317073,44
29.29268292682927,46.707317073170735,14.317073170731707,20.048780487804876,6.975609756097561,46
23.841463414634145,42.81707317073171,13.536585365853659,25.402439024390244,7.085365853658536,43
21.272727272727273,42.166666666666664,14.469696969696969,19.71212121212121,7.515151515151516,34
23.195121951219512,43.426829268292686,16.4390243902439,25.451219512195124,8.28048780487805,45
21.402439024390244,45.329268292682926,16.134146341463413,31.085365853658537,7.573170731707317,54
22.195121951219512,43.68292682926829,16.658536585365855,26.01219512195122,9.475609756097562,56
22.20731707317073,43.0609756097561,15.939024390243903,29.353658536585368,10.012195121951219,41
25.24390243902439,44.36585365853659,15.121951219512194,26.548780487804876,8.170731707317072,55
21.548780487804876,43.46341463414634,13.841463414634147,25.134146341463413,8.524390243902438,65
21.23170731707317,42.0609756097561,13.341463414634147,24.402439024390244,8.536585365853659,53
21.625,44.27777777777778,14.680555555555555,26.055555555555557,8.708333333333334,44
23.59722222222222,42.59722222222222,14.722222222222221,22.305555555555557,7.583333333333333,17
23.5609756097561,42.02439024390244,16.475609756097562,24.51219512195122,7.317073170731708,20
22.378048780487806,46.28048780487805,16.24390243902439,25.341463414634145,7.317073170731708,22
24.817073170731707,45.451219512195124,12.74390243902439,23.365853658536587,7.7926829268292686,41
19.646341463414632,43.548780487804876,15.390243902439025,24.817073170731707,7.121951219512195,37
18.606060606060606,43.878787878787875,14.015151515151516,26.12121212121212,7.924242424242424,42
20.308641975308642,45.851851851851855,15.148148148148149,23.641975308641975,7.160493827160494,49
20.134146341463413,44.69512195121951,15.085365853658537,23.25609756097561,6.7073170731707314,56
21.426829268292682,44.853658536585364,13.987804878048781,22.158536585365855,6.158536585365853,38
21.23170731707317,44.21951219512195,14.865853658536585,22.829268292682926,9.048780487804878,45
22.48780487804878,42.0,13.78048780487805,22.085365853658537,8.158536585365853,42
22.182926829268293,42.34146341463415,13.268292682926829,19.182926829268293,8.792682926829269,48
25.951219512195124,43.02439024390244,13.682926829268293,21.0609756097561,8.695121951219512,48
25.863013698630137,42.80821917808219,13.246575342465754,19.08219178082192,7.438356164383562,45
27.40277777777778,42.666666666666664,13.541666666666666,20.73611111111111,8.48611111111111,34
25.378048780487806,43.853658536585364,14.426829268292684,21.390243902439025,7.097560975609756,25
26.98780487804878,41.548780487804876,14.926829268292684,23.70731707317073,7.695121951219512,35
30.75609756097561,41.52439024390244,12.914634146341463,20.548780487804876,7.695121951219512,47
22.841463414634145,42.048780487804876,12.963414634146341,26.24390243902439,8.646341463414634,53
22.536585365853657,43.02439024390244,12.951219512195122,25.951219512195124,7.463414634146342,51
22.341463414634145,43.8780487804878,14.682926829268293,25.548780487804876,7.658536585365853,42
24.024390243902438,45.51219512195122,14.548780487804878,28.536585365853657,6.841463414634147,48
23.72222222222222,47.65277777777778,14.597222222222221,26.305555555555557,7.097222222222222,49
24.38888888888889,44.15277777777778,13.180555555555555,19.26388888888889,7.069444444444445,47
24.01219512195122,43.98780487804878,13.731707317073171,19.585365853658537,7.414634146341464,42
23.890243902439025,43.23170731707317,14.231707317073171,23.926829268292682,7.073170731707317,44
25.573170731707318,42.96341463414634,13.146341463414634,22.158536585365855,7.804878048780488,51
22.109756097560975,42.146341463414636,16.378048780487806,26.670731707317074,7.134146341463414,32
20.984848484848484,41.56060606060606,13.318181818181818,23.303030303030305,8.424242424242424,40
23.878048780487806,41.6219512195122,14.597560975609756,23.024390243902438,9.560975609756097,56
24.585365853658537,43.0,13.853658536585366,29.073170731707318,8.573170731707316,57
24.76829268292683,42.6219512195122,12.341463414634147,25.20731707317073,7.804878048780488,56
21.963414634146343,43.96341463414634,13.085365853658537,24.134146341463413,7.341463414634147,57
22.5,46.21212121212121,15.106060606060606,24.075757575757574,5.909090909090909,41
22.170731707317074,44.80487804878049,15.024390243902438,27.914634146341463,7.024390243902439,45
24.463414634146343,41.03658536585366,15.109756097560975,22.378048780487806,7.451219512195122,27
20.914634146341463,43.890243902439025,13.24390243902439,23.597560975609756,7.048780487804878,21
18.024390243902438,42.96341463414634,13.707317073170731,24.73170731707317,7.2317073170731705,17
20.926829268292682,43.52439024390244,15.158536585365853,22.597560975609756,8.21951219512195,26
23.76829268292683,46.3780487804878,15.792682926829269,23.29268292682927,7.719512195121951,35
25.5609756097561,46.58536585365854,15.658536585365853,23.29268292682927,7.536585365853658,37
25.3943661971831,45.732394366197184,15.169014084507042,24.338028169014084,8.619718309859154,52
24.65277777777778,44.236111111111114,15.208333333333334,23.319444444444443,7.805555555555555,42
24.0,44.0,14.524390243902438,22.975609756097562,7.634146341463414,33
25.26829268292683,45.707317073170735,14.073170731707316,26.609756097560975,6.414634146341464,43
28.524390243902438,43.109756097560975,13.975609756097562,24.182926829268293,7.378048780487805,47
20.621951219512194,40.98780487804878,13.963414634146341,24.158536585365855,9.402439024390244,46
19.545454545454547,42.04545454545455,14.469696969696969,22.78787878787879,9.56060606060606,41
20.914634146341463,42.73170731707317,13.951219512195122,21.29268292682927,8.573170731707316,56
21.853658536585368,42.390243902439025,13.707317073170731,20.317073170731707,7.695121951219512,50
21.670731707317074,42.5609756097561,13.341463414634147,22.79268292682927,8.536585365853659,55
20.695121951219512,41.6219512195122,13.292682926829269,24.682926829268293,8.829268292682928,42
21.26829268292683,42.76829268292683,12.914634146341463,23.390243902439025,7.963414634146342,43
21.548780487804876,40.52439024390244,14.963414634146341,21.121951219512194,7.475609756097561,22
23.9390243902439,41.78048780487805,13.987804878048781,22.951219512195124,8.341463414634147,33
26.91780821917808,46.534246575342465,15.246575342465754,21.767123287671232,7.890410958904109,34
26.916666666666668,46.47222222222222,13.291666666666666,21.333333333333332,9.097222222222221,38
25.98780487804878,49.170731707317074,13.195121951219512,23.146341463414632,9.75609756097561,56
26.036585365853657,46.6219512195122,13.609756097560975,23.829268292682926,8.292682926829269,51
24.695121951219512,42.609756097560975,15.073170731707316,21.0,8.207317073170731,27
19.98780487804878,42.146341463414636,13.926829268292684,27.902439024390244,6.634146341463414,58
19.954545454545453,41.60606060606061,15.181818181818182,24.21212121212121,8.863636363636363,46
23.048780487804876,38.609756097560975,13.939024390243903,23.01219512195122,8.658536585365853,66
22.524390243902438,36.8780487804878,14.78048780487805,22.975609756097562,8.926829268292684,54
19.829268292682926,39.1219512195122,14.804878048780488,23.658536585365855,7.829268292682927,37
20.841463414634145,44.1219512195122,14.085365853658537,23.036585365853657,6.7439024390243905,48
21.24390243902439,43.6219512195122,13.439024390243903,21.5609756097561,7.170731707317073,41
22.70731707317073,43.46341463414634,14.365853658536585,19.524390243902438,7.560975609756097,44
24.28048780487805,46.34146341463415,14.731707317073171,21.73170731707317,7.646341463414634,39
25.91780821917808,44.36986301369863,14.904109589041095,25.205479452054796,7.493150684931507,44
26.319444444444443,41.5,14.069444444444445,21.11111111111111,7.902777777777778,40
25.48780487804878,43.71951219512195,14.560975609756097,21.378048780487806,7.390243902439025,53
23.841463414634145,40.59756097560975,13.487804878048781,22.98780487804878,7.987804878048781,44
25.804878048780488,42.292682926829265,12.658536585365853,22.024390243902438,7.524390243902439,46
18.841463414634145,40.75609756097561,13.451219512195122,22.9390243902439,7.524390243902439,35
23.484848484848484,42.46969696969697,14.075757575757576,21.439393939393938,8.303030303030303,31
22.878048780487806,43.96341463414634,14.097560975609756,20.73170731707317,8.353658536585366,38
21.463414634146343,41.09756097560975,15.097560975609756,22.475609756097562,6.597560975609756,15
23.5609756097561,42.073170731707314,16.74390243902439,21.146341463414632,9.621951219512194,41
23.109756097560975,41.670731707317074,15.207317073170731,22.71951219512195,8.195121951219512,33
24.195121951219512,40.390243902439025,13.963414634146341,22.426829268292682,8.121951219512194,42
23.23170731707317,39.84146341463415,13.841463414634147,23.353658536585368,8.804878048780488,44
26.048780487804876,49.73170731707317,13.865853658536585,23.21951219512195,7.5,60
25.876712328767123,51.6986301369863,15.095890410958905,24.65753424657534,7.205479452054795,56
25.47222222222222,48.125,13.819444444444445,21.375,8.125,46
23.902439024390244,46.707317073170735,13.414634146341463,22.9390243902439,7.597560975609756,51
25.79268292682927,48.63414634146341,14.621951219512194,22.402439024390244,6.353658536585366,58
26.536585365853657,44.170731707317074,12.914634146341463,23.902439024390244,6.804878048780488,49
20.121951219512194,44.40243902439025,17.048780487804876,24.109756097560975,7.219512195121951,17
19.545454545454547,43.72727272727273,15.166666666666666,25.181818181818183,6.606060606060606,26
22.390243902439025,42.02439024390244,14.804878048780488,24.902439024390244,8.536585365853659,31
23.9390243902439,44.73170731707317,13.926829268292684,28.0609756097561,8.75609756097561,40
21.597560975609756,40.91463414634146,15.012195121951219,25.73170731707317,8.146341463414634,16
23.365853658536587,41.5609756097561,15.012195121951219,26.98780487804878,8.0,29
23.658536585365855,42.41463414634146,14.024390243902438,24.21951219512195,7.975609756097561,31
22.695121951219512,41.96341463414634,12.451219512195122,24.146341463414632,8.402439024390244,47
24.609756097560975,44.792682926829265,13.097560975609756,24.329268292682926,8.329268292682928,36
23.828125,44.8125,15.328125,25.375,8.671875,19
25.63888888888889,43.513888888888886,14.26388888888889,23.083333333333332,8.777777777777779,23
25.682926829268293,44.15853658536585,14.329268292682928,23.097560975609756,8.792682926829269,46
26.158536585365855,41.890243902439025,15.341463414634147,23.682926829268293,8.012195121951219,42
26.634146341463413,43.6219512195122,14.170731707317072,22.9390243902439,7.890243902439025,56
21.01219512195122,40.84146341463415,14.048780487804878,22.9390243902439,5.585365853658536,24
19.863636363636363,40.333333333333336,15.075757575757576,21.71212121212121,7.46969696969697,22
20.621951219512194,40.146341463414636,13.036585365853659,23.134146341463413,7.609756097560975,46
20.727272727272727,41.13636363636363,15.515151515151516,21.166666666666668,7.393939393939394,21
20.98780487804878,41.63414634146341,14.548780487804878,19.951219512195124,6.341463414634147,27
21.28048780487805,41.69512195121951,13.768292682926829,23.609756097560975,7.890243902439025,34
22.024390243902438,43.451219512195124,13.25609756097561,21.829268292682926,6.7439024390243905,45
22.170731707317074,42.609756097560975,13.439024390243903,22.23170731707317,7.719512195121951,30
22.79268292682927,43.68292682926829,12.853658536585366,22.25609756097561,7.780487804878049,34
26.76829268292683,44.329268292682926,14.914634146341463,20.926829268292682,8.012195121951219,48
27.024390243902438,47.292682926829265,14.817073170731707,23.426829268292682,7.439024390243903,33
26.833333333333332,46.5,16.40277777777778,23.430555555555557,7.486111111111111,30
26.0,47.40277777777778,14.61111111111111,26.083333333333332,7.569444444444445,31
24.963414634146343,45.207317073170735,14.060975609756097,23.20731707317073,8.292682926829269,36
25.878048780487806,43.69512195121951,14.585365853658537,24.390243902439025,8.304878048780488,42
26.951219512195124,43.96341463414634,13.012195121951219,22.841463414634145,8.341463414634147,49
21.426829268292682,40.451219512195124,13.695121951219512,25.451219512195124,7.621951219512195,42
20.12121212121212,41.74242424242424,16.0,24.757575757575758,9.424242424242424,36
19.25609756097561,40.5609756097561,12.048780487804878,21.085365853658537,8.195121951219512,54
20.01219512195122,40.329268292682926,12.963414634146341,20.365853658536587,7.695121951219512,37
21.29268292682927,40.36585365853659,14.707317073170731,19.20731707317073,7.012195121951219,17
20.51219512195122,44.36585365853659,13.402439024390244,21.378048780487806,5.695121951219512,32
21.78048780487805,45.19512195121951,13.890243902439025,21.109756097560975,7.085365853658536,31
23.317073170731707,44.03658536585366,14.731707317073171,18.98780487804878,6.7317073170731705,29
20.073170731707318,44.73170731707317,14.036585365853659,23.853658536585368,6.7926829268292686,17
22.060606060606062,46.5,14.333333333333334,23.484848484848484,7.636363636363637,21
21.40277777777778,45.138888888888886,12.944444444444445,20.916666666666668,7.041666666666667,41
21.865853658536587,46.1219512195122,13.25609756097561,24.146341463414632,6.951219512195122,37
22.926829268292682,46.59756097560975,12.987804878048781,25.451219512195124,6.426829268292683,47
24.365853658536587,45.170731707317074,13.231707317073171,21.817073170731707,7.463414634146342,50
20.390243902439025,42.76829268292683,14.097560975609756,29.28048780487805,7.975609756097561,55
18.545454545454547,43.68181818181818,16.348484848484848,26.424242424242426,7.545454545454546,47
21.378048780487806,43.646341463414636,15.28048780487805,26.78048780487805,8.28048780487805,60
21.878048780487806,44.73170731707317,15.317073170731707,25.024390243902438,8.268292682926829,59
20.5,47.51219512195122,14.695121951219512,24.634146341463413,7.2926829268292686,45
22.963414634146343,48.6219512195122,15.914634146341463,25.20731707317073,7.353658536585366,55
20.98780487804878,46.6219512195122,15.0,25.76829268292683,7.902439024390244,47
21.341463414634145,45.0609756097561,13.987804878048781,24.20731707317073,9.060975609756097,48
23.378048780487806,48.073170731707314,13.963414634146341,24.98780487804878,9.341463414634147,49
21.694444444444443,42.888888888888886,13.694444444444445,24.819444444444443,7.638888888888889,44
22.055555555555557,45.59722222222222,16.13888888888889,21.333333333333332,7.0,22
22.21951219512195,45.6219512195122,13.963414634146341,19.902439024390244,7.585365853658536,24
24.414634146341463,43.65853658536585,13.048780487804878,23.70731707317073,8.24390243902439,40
27.109756097560975,42.03658536585366,12.670731707317072,21.451219512195124,8.463414634146341,57
19.951219512195124,43.207317073170735,14.926829268292684,25.621951219512194,6.682926829268292,52
20.015151515151516,42.45454545454545,14.909090909090908,22.848484848484848,6.833333333333333,37
22.817073170731707,42.707317073170735,14.524390243902438,16.573170731707318,6.439024390243903,20
21.048780487804876,42.048780487804876,14.902439024390244,20.902439024390244,7.682926829268292,23
20.634146341463413,41.81707317073171,14.890243902439025,19.085365853658537,7.890243902439025,25
23.573170731707318,43.31707317073171,14.085365853658537,20.109756097560975,8.207317073170731,35
22.195121951219512,43.18292682926829,13.304878048780488,21.378048780487806,7.073170731707317,29
23.426829268292682,41.63414634146341,14.536585365853659,20.463414634146343,7.585365853658536,25
25.548780487804876,45.41463414634146,13.195121951219512,19.20731707317073,6.621951219512195,42
23.931506849315067,44.50684931506849,12.835616438356164,22.684931506849313,8.205479452054794,33
21.819444444444443,45.44444444444444,12.833333333333334,21.430555555555557,6.888888888888889,21
23.74390243902439,44.28048780487805,14.487804878048781,19.682926829268293,6.7682926829268295,22
23.24390243902439,43.24390243902439,15.073170731707316,25.0,7.353658536585366,34
24.670731707317074,42.30487804878049,14.707317073170731,24.414634146341463,8.158536585365853,47
22.695121951219512,41.80487804878049,12.963414634146341,22.573170731707318,7.573170731707317,41
22.015151515151516,43.15151515151515,11.181818181818182,18.151515151515152,7.96969696969697,35
22.76829268292683,41.329268292682926,13.048780487804878,16.79268292682927,7.426829268292683,34
21.841463414634145,42.74390243902439,16.878048780487806,23.390243902439025,9.329268292682928,19
20.524390243902438,42.853658536585364,17.71951219512195,23.817073170731707,9.621951219512194,18
21.524390243902438,41.24390243902439,16.378048780487806,22.5609756097561,8.292682926829269,10
23.76829268292683,42.84146341463415,16.658536585365855,22.024390243902438,8.439024390243903,28
27.085365853658537,47.426829268292686,16.5,22.78048780487805,8.317073170731707,52
26.914634146341463,47.76829268292683,14.914634146341463,27.536585365853657,7.390243902439025,51
25.80821917808219,45.43835616438356,14.205479452054794,22.438356164383563,8.027397260273972,43
23.694444444444443,45.05555555555556,14.444444444444445,25.5,9.097222222222221,49
23.71951219512195,42.31707317073171,12.524390243902438,23.841463414634145,7.719512195121951,51
25.158536585365855,40.926829268292686,13.670731707317072,25.097560975609756,7.7439024390243905,54
24.890243902439025,42.951219512195124,12.0,23.585365853658537,8.463414634146341,47
23.71951219512195,40.23170731707317,14.25609756097561,23.646341463414632,6.646341463414634,40
22.515151515151516,41.696969696969695,14.06060606060606,21.166666666666668,6.53030303030303,33
22.621951219512194,41.6219512195122,15.585365853658537,19.73170731707317,8.036585365853659,25
19.0609756097561,43.03658536585366,15.341463414634147,24.4390243902439,8.390243902439025,48
20.23170731707317,43.15853658536585,15.097560975609756,21.548780487804876,8.536585365853659,39
20.74390243902439,44.829268292682926,17.195121951219512,23.23170731707317,7.7073170731707314,23
19.5609756097561,44.97560975609756,15.426829268292684,26.329268292682926,8.207317073170731,24
21.25609756097561,44.1219512195122,15.71951219512195,23.926829268292682,6.939024390243903,21
23.865853658536587,40.3780487804878,15.597560975609756,22.658536585365855,8.963414634146341,19
27.21917808219178,43.52054794520548,14.753424657534246,23.835616438356166,7.657534246575342,34
26.930555555555557,42.94444444444444,12.527777777777779,18.708333333333332,7.180555555555555,51
27.365853658536587,45.292682926829265,12.926829268292684,19.9390243902439,8.560975609756097,64
27.25609756097561,44.24390243902439,13.536585365853659,21.71951219512195,7.134146341463414,45
27.048780487804876,44.073170731707314,14.890243902439025,23.353658536585368,7.439024390243903,49
21.170731707317074,39.34146341463415,13.048780487804878,22.378048780487806,8.048780487804878,48
20.439393939393938,40.666666666666664,14.166666666666666,21.560606060606062,8.0,28
21.75609756097561,40.829268292682926,14.670731707317072,20.48780487804878,6.560975609756097,33
23.21951219512195,46.4390243902439,13.71951219512195,23.48780487804878,5.536585365853658,54
21.9390243902439,45.853658536585364,13.621951219512194,19.378048780487806,6.402439024390244,51
21.317073170731707,45.48780487804878,14.634146341463415,23.036585365853657,6.853658536585366,44
21.134146341463413,43.65853658536585,13.731707317073171,23.658536585365855,7.0,41
19.5,45.46341463414634,13.524390243902438,20.914634146341463,6.987804878048781,49
23.01219512195122,47.98780487804878,13.841463414634147,23.341463414634145,6.658536585365853,53
20.60810810810811,45.310810810810814,12.783783783783784,22.054054054054053,6.283783783783784,35
21.26388888888889,44.541666666666664,11.097222222222221,21.63888888888889,6.888888888888889,42
22.926829268292682,42.86585365853659,14.475609756097562,21.597560975609756,8.012195121951219,27
24.158536585365855,40.548780487804876,14.451219512195122,24.646341463414632,6.7439024390243905,33
23.097560975609756,42.74390243902439,15.231707317073171,20.48780487804878,7.646341463414634,21
20.426829268292682,43.86585365853659,16.146341463414632,24.158536585365855,7.414634146341464,24
19.257575757575758,42.86363636363637,14.424242424242424,23.21212121212121,8.5,22
20.829268292682926,40.58536585365854,14.621951219512194,22.79268292682927,8.182926829268293,28
18.865853658536587,44.46341463414634,15.231707317073171,27.28048780487805,7.158536585365853,28
20.329268292682926,44.18292682926829,16.25609756097561,29.26829268292683,6.7073170731707314,29
24.5,44.24390243902439,16.170731707317074,25.475609756097562,8.939024390243903,33
22.48780487804878,41.0609756097561,14.646341463414634,23.329268292682926,7.646341463414634,32
21.5609756097561,40.90243902439025,13.71951219512195,16.71951219512195,7.841463414634147,27
25.402439024390244,45.426829268292686,13.353658536585366,22.74390243902439,8.28048780487805,39
23.791666666666668,42.59722222222222,14.48611111111111,20.333333333333332,7.722222222222222,31
25.5,41.40277777777778,13.375,22.01388888888889,7.541666666666667,31
23.695121951219512,42.9390243902439,14.097560975609756,23.26829268292683,7.170731707317073,30
27.28048780487805,42.451219512195124,13.487804878048781,25.0609756097561,7.0,48
28.341463414634145,43.98780487804878,13.146341463414634,20.853658536585368,7.621951219512195,46
22.390243902439025,41.853658536585364,13.426829268292684,24.195121951219512,7.341463414634147,61
23.151515151515152,42.96969696969697,13.56060606060606,21.62121212121212,7.424242424242424,50
25.097560975609756,41.30487804878049,14.707317073170731,21.036585365853657,8.475609756097562,58
25.170731707317074,43.26829268292683,14.390243902439025,20.024390243902438,7.365853658536586,62
24.390243902439025,43.63414634146341,13.975609756097562,21.390243902439025,8.012195121951219,55
24.51219512195122,43.91463414634146,13.060975609756097,20.390243902439025,8.25609756097561,67
23.829268292682926,43.8780487804878,13.426829268292684,22.024390243902438,7.987804878048781,61
22.78048780487805,44.21951219512195,13.146341463414634,20.914634146341463,7.658536585365853,47
24.548780487804876,44.71951219512195,12.097560975609756,20.975609756097562,6.109756097560975,48
24.661971830985916,44.647887323943664,12.605633802816902,23.43661971830986,7.295774647887324,32
24.430555555555557,43.861111111111114,11.402777777777779,22.0,7.013888888888889,33
27.914634146341463,45.31707317073171,12.71951219512195,20.402439024390244,7.634146341463414,34
27.21951219512195,43.707317073170735,15.28048780487805,21.20731707317073,6.975609756097561,22
29.865853658536587,44.23170731707317,15.146341463414634,19.963414634146343,7.121951219512195,22
21.890243902439025,40.31707317073171,14.707317073170731,24.097560975609756,7.085365853658536,22
20.939393939393938,41.984848484848484,15.166666666666666,21.363636363636363,6.5,23
21.524390243902438,40.207317073170735,13.707317073170731,22.329268292682926,7.2560975609756095,34
21.182926829268293,42.52439024390244,14.134146341463415,25.0609756097561,7.036585365853658,48
20.74390243902439,41.548780487804876,12.890243902439025,24.5609756097561,7.5,49
18.73170731707317,43.41463414634146,13.085365853658537,26.70731707317073,7.7560975609756095,56
18.5,43.25609756097561,12.695121951219512,24.73170731707317,8.25609756097561,51
24.329268292682926,43.98780487804878,13.353658536585366,21.829268292682926,7.634146341463414,59
25.426829268292682,45.19512195121951,14.024390243902438,21.98780487804878,8.292682926829269,58
25.22222222222222,45.388888888888886,14.819444444444445,23.194444444444443,8.833333333333334,53
24.09722222222222,41.583333333333336,13.222222222222221,21.333333333333332,8.583333333333334,27
22.0609756097561,45.329268292682926,12.451219512195122,21.329268292682926,9.0,48
23.914634146341463,43.02439024390244,11.658536585365853,23.4390243902439,9.414634146341463,41
28.475609756097562,42.65853658536585,13.987804878048781,21.609756097560975,7.7317073170731705,25
23.426829268292682,39.46341463414634,14.329268292682928,25.134146341463413,7.670731707317073,39
21.803030303030305,44.18181818181818,14.181818181818182,25.272727272727273,8.257575757575758,36
22.670731707317074,42.02439024390244,14.75609756097561,22.963414634146343,8.414634146341463,43
20.29268292682927,41.23170731707317,14.634146341463415,21.98780487804878,6.951219512195122,25
19.902439024390244,43.96341463414634,15.317073170731707,23.524390243902438,7.597560975609756,38
18.951219512195124,43.23170731707317,14.926829268292684,22.98780487804878,7.695121951219512,40
20.134146341463413,43.23170731707317,13.634146341463415,22.865853658536587,6.7073170731707314,51
22.426829268292682,43.25609756097561,14.695121951219512,21.536585365853657,8.634146341463415,48
26.01219512195122,46.353658536585364,15.121951219512194,25.51219512195122,8.085365853658537,50
22.430555555555557,44.90277777777778,15.125,22.791666666666668,6.083333333333333,44
23.65277777777778,48.25,14.208333333333334,21.47222222222222,6.583333333333333,52
22.390243902439025,46.34146341463415,14.0,23.365853658536587,7.170731707317073,49
25.963414634146343,45.8780487804878,15.353658536585366,23.841463414634145,6.097560975609756,37
27.21951219512195,45.451219512195124,15.670731707317072,22.597560975609756,6.548780487804878,31
19.414634146341463,41.30487804878049,15.341463414634147,24.378048780487806,8.109756097560975,23
19.12121212121212,41.666666666666664,15.272727272727273,21.0,7.984848484848484,20
21.646341463414632,43.15853658536585,15.097560975609756,21.29268292682927,7.2926829268292686,29
23.28048780487805,42.18292682926829,14.682926829268293,20.914634146341463,8.146341463414634,44
24.01219512195122,44.670731707317074,15.036585365853659,21.4390243902439,7.329268292682927,46
24.451219512195124,41.84146341463415,14.463414634146341,22.548780487804876,8.634146341463415,41
23.853658536585368,42.853658536585364,14.170731707317072,22.097560975609756,8.451219512195122,49
25.182926829268293,43.1219512195122,14.585365853658537,21.78048780487805,7.865853658536586,43
26.26829268292683,42.353658536585364,14.073170731707316,23.9390243902439,8.329268292682928,32
25.01388888888889,42.041666666666664,14.166666666666666,24.583333333333332,7.972222222222222,25
25.48611111111111,45.19444444444444,14.38888888888889,26.166666666666668,7.333333333333333,34
25.024390243902438,43.109756097560975,13.134146341463415,21.682926829268293,6.365853658536586,35
25.402439024390244,43.63414634146341,14.121951219512194,22.414634146341463,6.841463414634147,35
27.926829268292682,41.073170731707314,13.987804878048781,20.20731707317073,7.597560975609756,15
